{
	"description": "项目配置文件",
	"packOptions": {
		"ignore": []
	},
	"setting": {
		"urlCheck": false,
		"es6": true,
		"postcss": true,
		"minified": true,
		"newFeature": true
	},
	"compileType": "miniprogram",
	"libVersion": "2.3.2",
	"appid": "wx23a7cee9ef85c276",
	"projectname": "book",
	"debugOptions": {
		"hidedInDevtools": []
	},
	"isGameTourist": false,
	"condition": {
		"search": {
			"current": -1,
			"list": []
		},
		"conversation": {
			"current": -1,
			"list": []
		},
		"plugin": {
			"current": -1,
			"list": []
		},
		"game": {
			"currentL": -1,
			"list": []
		},
		"miniprogram": {
			"current": 6,
			"list": [
				{
					"id": 0,
					"name": "2",
					"pathName": "pages/others/others",
					"query": ""
				},
				{
					"id": 1,
					"name": "report",
					"pathName": "pages/report/report",
					"query": ""
				},
				{
					"id": -1,
					"name": "电费",
					"pathName": "pages/electricity/electricity",
					"query": ""
				},
				{
					"id": -1,
					"name": "bind",
					"pathName": "pages/bind/bind",
					"query": ""
				},
				{
					"id": -1,
					"name": "others",
					"pathName": "pages/others/others",
					"query": ""
				},
				{
					"id": -1,
					"name": "c",
					"pathName": "pages/courses/courses",
					"query": ""
				},
				{
					"id": -1,
					"name": "modify",
					"pathName": "pages/modify/modify"
				}
			]
		}
	}
}